ipo_id,type,listing_date,size_cr,subscription_x,gmp,issue_price,listing_price,is_synthetic
SYN-001,SME,2024-01-01,18.78,9.91,7.0,89.0,95.8,True
SYN-002,SME,2024-01-06,33.89,624.66,149.0,297.0,451.47,True
SYN-003,SME,2024-01-11,11.93,1.28,1.0,195.0,201.36,True
SYN-004,Mainboard,2024-01-16,338.96,8.76,0.0,138.0,112.07,True
SYN-005,SME,2024-01-21,6.8,2.27,0.0,157.0,156.67,True
SYN-006,SME,2024-01-26,16.86,156.85,64.0,197.0,235.57,True
SYN-007,SME,2024-01-31,30.3,25.55,0.0,52.0,49.29,True
SYN-008,Mainboard,2024-02-05,237.33,0.16,-155.0,1175.0,914.35,True
SYN-009,Mainboard,2024-02-10,279.0,2.05,139.0,1023.0,1255.38,True
SYN-010,SME,2024-02-15,44.26,4.53,-28.0,287.0,246.9,True
SYN-011,Mainboard,2024-02-20,165.58,8.57,0.0,1112.0,806.31,True
SYN-012,SME,2024-02-25,81.11,8.04,0.0,51.0,49.02,True
SYN-013,Mainboard,2024-03-01,980.88,3.05,0.0,1181.0,905.3,True
SYN-014,SME,2024-03-06,36.59,8.21,13.0,175.0,190.37,True
SYN-015,Mainboard,2024-03-11,372.29,4.91,-86.0,1098.0,1017.32,True
SYN-016,SME,2024-03-16,40.16,7.16,34.0,196.0,236.84,True
SYN-017,SME,2024-03-21,42.71,670.18,91.0,112.0,214.33,True
SYN-018,SME,2024-03-26,19.33,0.29,12.0,222.0,221.25,True
SYN-019,SME,2024-03-31,23.37,8.48,4.0,114.0,140.34,True
SYN-020,SME,2024-04-05,63.74,9.39,58.0,127.0,178.58,True
SYN-021,SME,2024-04-10,46.73,10.49,0.0,193.0,184.23,True
SYN-022,SME,2024-04-15,22.73,2.52,0.0,125.0,131.05,True
SYN-023,SME,2024-04-20,152.62,1.21,3.0,282.0,264.13,True
SYN-024,SME,2024-04-25,184.27,5.2,0.0,41.0,37.26,True
SYN-025,SME,2024-04-30,13.15,1.11,0.0,139.0,111.27,True
SYN-026,SME,2024-05-05,45.21,1.13,0.0,49.0,56.91,True
SYN-027,SME,2024-05-10,211.94,0.38,-12.0,227.0,188.15,True
SYN-028,SME,2024-05-15,63.35,31.38,83.0,183.0,261.72,True
SYN-029,SME,2024-05-20,42.72,7.59,4.0,78.0,82.5,True
SYN-030,SME,2024-05-25,31.64,23.62,9.0,59.0,69.59,True
SYN-031,SME,2024-05-30,25.06,3.8,14.0,233.0,240.53,True
SYN-032,Mainboard,2024-06-04,281.5,11.67,0.0,1086.0,1061.89,True
SYN-033,SME,2024-06-09,24.89,3.39,0.0,258.0,249.04,True
SYN-034,SME,2024-06-14,61.65,2.97,0.0,126.0,86.11,True
SYN-035,Mainboard,2024-06-19,536.25,8.95,59.0,976.0,1018.03,True
SYN-036,SME,2024-06-24,26.87,11.82,0.0,58.0,49.15,True
SYN-037,Mainboard,2024-06-29,1315.82,2.2,0.0,1054.0,1076.44,True
SYN-038,Mainboard,2024-07-04,1356.25,2.48,0.0,1133.0,1182.79,True
SYN-039,SME,2024-07-09,19.57,2.57,-1.0,98.0,78.99,True
SYN-040,Mainboard,2024-07-14,1574.86,3.67,0.0,654.0,750.59,True
SYN-041,SME,2024-07-19,75.89,1.13,0.0,294.0,285.98,True
SYN-042,SME,2024-07-24,47.28,195.11,87.0,153.0,281.81,True
SYN-043,SME,2024-07-29,52.11,3.23,25.0,276.0,246.13,True
SYN-044,SME,2024-08-03,46.96,14.71,17.0,93.0,119.17,True
SYN-045,Mainboard,2024-08-08,275.03,0.87,-38.0,539.0,476.54,True
SYN-046,SME,2024-08-13,33.48,6.28,9.0,224.0,245.25,True
SYN-047,Mainboard,2024-08-18,281.4,5.31,0.0,877.0,768.91,True
SYN-048,SME,2024-08-23,62.26,1.22,-4.0,42.0,34.7,True
SYN-049,SME,2024-08-28,17.13,70.51,24.0,194.0,204.96,True
SYN-050,Mainboard,2024-09-02,785.25,9.77,20.0,159.0,171.17,True
SYN-051,SME,2024-09-07,37.48,28.0,0.0,140.0,134.53,True
SYN-052,SME,2024-09-12,21.67,10.1,-2.0,289.0,278.9,True
SYN-053,Mainboard,2024-09-17,1167.4,1.5,0.0,225.0,215.71,True
SYN-054,SME,2024-09-22,22.79,2.1,0.0,273.0,246.72,True
SYN-055,SME,2024-09-27,40.94,5.6,0.0,89.0,81.08,True
SYN-056,SME,2024-10-02,22.14,3.57,0.0,205.0,204.31,True
SYN-057,Mainboard,2024-10-07,255.55,2.75,-55.0,1114.0,934.36,True
SYN-058,SME,2024-10-12,21.18,2.36,0.0,64.0,63.59,True
SYN-059,Mainboard,2024-10-17,492.1,1.49,136.0,497.0,633.61,True
SYN-060,SME,2024-10-22,21.94,3.9,11.0,122.0,116.78,True
SYN-061,SME,2024-10-27,8.97,0.31,8.0,149.0,156.11,True
SYN-062,SME,2024-11-01,35.59,5.74,1.0,47.0,44.44,True
SYN-063,SME,2024-11-06,76.82,1.49,4.0,257.0,243.62,True
SYN-064,SME,2024-11-11,57.59,1.41,0.0,96.0,95.28,True
SYN-065,Mainboard,2024-11-16,117.57,3.01,15.0,451.0,442.86,True
SYN-066,SME,2024-11-21,21.46,4.61,0.0,46.0,46.36,True
SYN-067,Mainboard,2024-11-26,617.5,0.81,53.0,856.0,926.84,True
SYN-068,SME,2024-12-01,45.74,0.41,0.0,72.0,73.22,True
SYN-069,Mainboard,2024-12-06,889.32,2.38,205.0,1082.0,1167.03,True
SYN-070,SME,2024-12-11,76.65,0.29,0.0,204.0,213.63,True
SYN-071,Mainboard,2024-12-16,160.3,1.09,11.0,1160.0,1235.35,True
SYN-072,Mainboard,2024-12-21,482.31,22.4,0.0,902.0,947.6,True
SYN-073,Mainboard,2024-12-26,871.98,138.67,1061.0,1061.0,2115.99,True
SYN-074,SME,2024-12-31,46.91,15.13,12.0,80.0,91.25,True
SYN-075,SME,2025-01-05,56.37,0.64,0.0,226.0,218.27,True
SYN-076,Mainboard,2025-01-10,367.42,8.19,36.0,331.0,345.36,True
SYN-077,Mainboard,2025-01-15,6798.34,24.02,262.0,554.0,818.26,True
SYN-078,SME,2025-01-20,37.97,9.6,29.0,127.0,153.63,True
SYN-079,Mainboard,2025-01-25,1610.29,13.43,79.0,555.0,664.08,True
SYN-080,SME,2025-01-30,35.06,27.32,0.0,126.0,129.16,True
SYN-081,SME,2025-02-04,39.15,4.19,0.0,87.0,88.94,True
SYN-082,Mainboard,2025-02-09,830.2,11.2,185.0,868.0,900.82,True
SYN-083,SME,2025-02-14,20.17,2.05,29.0,209.0,148.47,True
SYN-084,SME,2025-02-19,33.61,6.69,0.0,246.0,254.68,True
SYN-085,SME,2025-02-24,32.62,6.14,32.0,175.0,203.89,True
SYN-086,SME,2025-03-01,49.71,28.33,49.0,215.0,259.66,True
SYN-087,SME,2025-03-06,76.15,8.29,14.0,70.0,88.5,True
SYN-088,SME,2025-03-11,25.96,26.82,0.0,182.0,180.6,True
SYN-089,Mainboard,2025-03-16,721.19,0.19,-49.0,538.0,471.4,True
SYN-090,SME,2025-03-21,11.61,2.33,0.0,200.0,192.41,True
SYN-091,SME,2025-03-26,19.14,9.56,0.0,46.0,49.82,True
SYN-092,Mainboard,2025-03-31,1164.64,36.54,91.0,162.0,240.28,True
SYN-093,SME,2025-04-05,37.79,2.53,40.0,296.0,342.89,True
SYN-094,SME,2025-04-10,17.98,1.55,-9.0,107.0,87.74,True
SYN-095,SME,2025-04-15,28.19,0.63,0.0,100.0,89.54,True
SYN-096,SME,2025-04-20,37.41,5.81,16.0,191.0,212.42,True
SYN-097,Mainboard,2025-04-25,95.79,62.09,0.0,463.0,445.73,True
SYN-098,SME,2025-04-30,24.16,13.12,0.0,287.0,262.08,True
SYN-099,SME,2025-05-05,30.71,0.88,0.0,233.0,238.3,True
SYN-100,SME,2025-05-10,10.25,1.16,0.0,252.0,247.43,True
SYN-101,SME,2025-05-15,16.35,29.93,149.0,278.0,431.03,True
SYN-102,SME,2025-05-20,113.57,13.88,9.0,206.0,206.12,True
SYN-103,SME,2025-05-25,7.91,1.08,-5.0,197.0,216.76,True
SYN-104,Mainboard,2025-05-30,364.17,0.93,-61.0,694.0,702.17,True
SYN-105,SME,2025-06-04,42.67,30.51,22.0,93.0,113.97,True
SYN-106,SME,2025-06-09,28.16,9.37,0.0,43.0,28.4,True
SYN-107,SME,2025-06-14,20.79,3.44,7.0,71.0,71.86,True
SYN-108,SME,2025-06-19,35.07,0.75,-8.0,271.0,271.65,True
SYN-109,SME,2025-06-24,36.47,0.52,0.0,119.0,105.98,True
SYN-110,SME,2025-06-29,34.55,1.24,-2.0,57.0,58.97,True
SYN-111,SME,2025-07-04,9.83,0.21,-2.0,76.0,70.16,True
SYN-112,SME,2025-07-09,33.01,22.43,15.0,73.0,70.17,True
SYN-113,SME,2025-07-14,20.11,1.56,0.0,137.0,152.26,True
SYN-114,SME,2025-07-19,24.94,16.0,44.0,220.0,266.41,True
SYN-115,Mainboard,2025-07-24,934.35,31.25,0.0,664.0,635.41,True
SYN-116,SME,2025-07-29,57.31,45.55,61.0,251.0,325.85,True
SYN-117,Mainboard,2025-08-03,873.92,0.6,-24.0,369.0,373.78,True
SYN-118,SME,2025-08-08,25.86,9.42,0.0,244.0,207.91,True
SYN-119,SME,2025-08-13,69.88,17.27,6.0,108.0,113.98,True
SYN-120,SME,2025-08-18,83.23,1.82,9.0,157.0,144.83,True
